Date,Time,Temperature,Source
2026-09-23,18:21:40,27.81,Alistair's Apple Watch S10
2026-09-23,18:21:41,16.22,Alistair's Apple Watch S10
2026-09-23,18:23:02,15.31,Alistair's Apple Watch S10
2026-09-23,18:23:44,16.19,Alistair's Apple Watch S10
2026-09-23,18:23:45,14.98,Alistair's Apple Watch S10
2026-09-23,18:24:01,15.09,Alistair's Apple Watch S10
2026-09-23,18:24:16,14.99,Alistair's Apple Watch S10
2026-09-23,18:24:31,14.89,Alistair's Apple Watch S10
2026-09-23,18:24:48,14.79,Alistair's Apple Watch S10
2026-09-23,18:25:03,14.79,Alistair's Apple Watch S10
2026-09-23,18:25:19,14.79,Alistair's Apple Watch S10
2026-09-23,18:25:41,14.89,Alistair's Apple Watch S10
2026-09-23,18:25:56,14.69,Alistair's Apple Watch S10
2026-09-23,18:26:11,14.59,Alistair's Apple Watch S10
2026-09-23,18:26:37,14.59,Alistair's Apple Watch S10
2026-09-23,18:26:54,14.59,Alistair's Apple Watch S10
2026-09-23,18:27:10,14.59,Alistair's Apple Watch S10
2026-09-23,18:27:27,14.59,Alistair's Apple Watch S10
2026-09-23,18:27:47,14.59,Alistair's Apple Watch S10
2026-09-23,18:28:02,14.59,Alistair's Apple Watch S10
2026-09-23,18:28:20,14.59,Alistair's Apple Watch S10
2026-09-23,18:28:35,14.49,Alistair's Apple Watch S10
2026-09-23,18:28:50,14.59,Alistair's Apple Watch S10
2026-09-23,18:29:08,14.59,Alistair's Apple Watch S10
2026-09-23,18:29:23,14.59,Alistair's Apple Watch S10
2026-09-23,18:29:38,14.49,Alistair's Apple Watch S10
2026-09-23,18:29:53,14.49,Alistair's Apple Watch S10
2026-09-23,18:30:10,14.59,Alistair's Apple Watch S10
2026-09-23,18:30:26,14.49,Alistair's Apple Watch S10
2026-09-23,18:30:43,14.59,Alistair's Apple Watch S10
2026-09-23,18:31:00,14.59,Alistair's Apple Watch S10
2026-09-23,18:31:16,14.59,Alistair's Apple Watch S10
2026-09-23,18:31:33,14.59,Alistair's Apple Watch S10
2026-09-23,18:31:50,14.49,Alistair's Apple Watch S10
2026-09-23,18:32:06,14.49,Alistair's Apple Watch S10
2026-09-23,18:32:21,14.49,Alistair's Apple Watch S10
2026-09-23,18:32:41,14.59,Alistair's Apple Watch S10
2026-09-23,18:32:57,14.69,Alistair's Apple Watch S10
2026-09-23,18:33:13,14.69,Alistair's Apple Watch S10
2026-09-23,18:33:30,14.69,Alistair's Apple Watch S10
2026-09-23,18:33:45,14.69,Alistair's Apple Watch S10
2026-09-23,18:34:07,14.69,Alistair's Apple Watch S10
2026-09-23,18:34:23,14.69,Alistair's Apple Watch S10
2026-09-23,18:34:40,14.69,Alistair's Apple Watch S10
2026-09-23,18:34:55,14.59,Alistair's Apple Watch S10
2026-09-23,18:35:15,14.59,Alistair's Apple Watch S10
2026-09-23,18:35:34,14.59,Alistair's Apple Watch S10
2026-09-23,18:35:49,14.59,Alistair's Apple Watch S10
2026-09-23,18:36:09,14.59,Alistair's Apple Watch S10
2026-09-23,18:36:26,14.59,Alistair's Apple Watch S10
2026-09-23,18:37:46,15.69,Alistair's Apple Watch S10
2026-09-23,18:37:51,15.01,Alistair's Apple Watch S10
2026-09-23,18:38:09,14.59,Alistair's Apple Watch S10
2026-09-23,18:38:26,14.69,Alistair's Apple Watch S10
2026-09-23,18:38:44,14.69,Alistair's Apple Watch S10
2026-09-23,18:39:03,14.69,Alistair's Apple Watch S10
2026-09-23,18:39:19,14.69,Alistair's Apple Watch S10
2026-09-23,18:39:36,14.69,Alistair's Apple Watch S10
2026-09-23,18:39:52,14.59,Alistair's Apple Watch S10
2026-09-23,18:40:08,14.59,Alistair's Apple Watch S10
2026-09-23,18:40:26,14.59,Alistair's Apple Watch S10
2026-09-23,18:40:41,14.59,Alistair's Apple Watch S10
2026-09-23,18:41:00,14.69,Alistair's Apple Watch S10
2026-09-23,18:41:18,14.69,Alistair's Apple Watch S10
2026-09-23,18:41:35,14.59,Alistair's Apple Watch S10
2026-09-23,18:41:50,14.59,Alistair's Apple Watch S10
2026-09-23,18:42:08,14.59,Alistair's Apple Watch S10
2026-09-23,18:42:31,14.59,Alistair's Apple Watch S10
2026-09-23,18:42:47,14.49,Alistair's Apple Watch S10
2026-09-23,18:43:03,14.49,Alistair's Apple Watch S10
2026-09-23,18:43:20,14.49,Alistair's Apple Watch S10
2026-09-23,18:43:41,14.49,Alistair's Apple Watch S10
2026-09-23,18:43:57,14.49,Alistair's Apple Watch S10
2026-09-23,18:44:12,14.49,Alistair's Apple Watch S10
2026-09-23,18:44:32,14.49,Alistair's Apple Watch S10
2026-09-23,18:44:48,14.59,Alistair's Apple Watch S10
2026-09-23,18:45:05,14.49,Alistair's Apple Watch S10
2026-09-23,18:45:21,14.59,Alistair's Apple Watch S10
2026-09-23,18:45:37,14.49,Alistair's Apple Watch S10
2026-09-23,18:45:53,14.49,Alistair's Apple Watch S10
2026-09-23,18:46:10,14.39,Alistair's Apple Watch S10
2026-09-23,18:46:34,14.59,Alistair's Apple Watch S10
2026-09-23,18:46:53,14.49,Alistair's Apple Watch S10
2026-09-23,18:47:14,14.59,Alistair's Apple Watch S10
2026-09-23,18:47:38,14.59,Alistair's Apple Watch S10
2026-09-23,18:47:53,14.49,Alistair's Apple Watch S10
2026-09-23,18:48:16,14.49,Alistair's Apple Watch S10
2026-09-23,18:48:32,14.49,Alistair's Apple Watch S10
2026-09-23,18:48:50,14.49,Alistair's Apple Watch S10
2026-09-23,18:49:06,14.59,Alistair's Apple Watch S10
2026-09-23,18:49:22,14.59,Alistair's Apple Watch S10
2026-09-23,18:49:39,14.49,Alistair's Apple Watch S10
2026-09-23,18:49:54,14.59,Alistair's Apple Watch S10
2026-09-23,18:50:10,14.59,Alistair's Apple Watch S10
2026-09-23,18:50:27,14.59,Alistair's Apple Watch S10
2026-09-23,18:50:43,14.59,Alistair's Apple Watch S10
2026-09-23,18:50:58,14.59,Alistair's Apple Watch S10
2026-09-23,18:51:18,14.59,Alistair's Apple Watch S10
2026-09-23,18:51:36,14.59,Alistair's Apple Watch S10
2026-09-23,18:51:54,14.59,Alistair's Apple Watch S10
2026-09-23,18:52:12,14.59,Alistair's Apple Watch S10
2026-09-23,18:52:27,14.59,Alistair's Apple Watch S10
2026-09-23,18:52:50,14.59,Alistair's Apple Watch S10
2026-09-23,18:53:26,14.69,Alistair's Apple Watch S10
2026-09-23,18:53:42,14.59,Alistair's Apple Watch S10
2026-09-23,18:53:57,14.59,Alistair's Apple Watch S10
2026-09-23,18:54:14,14.59,Alistair's Apple Watch S10
2026-09-23,18:54:31,14.59,Alistair's Apple Watch S10
2026-09-23,18:54:47,14.49,Alistair's Apple Watch S10
2026-09-23,18:55:04,14.49,Alistair's Apple Watch S10
2026-09-23,18:55:24,14.59,Alistair's Apple Watch S10
2026-09-23,18:55:40,14.49,Alistair's Apple Watch S10
2026-09-23,18:55:56,14.49,Alistair's Apple Watch S10
2026-09-23,18:56:17,14.49,Alistair's Apple Watch S10
2026-09-23,18:56:36,14.49,Alistair's Apple Watch S10
2026-09-23,18:56:54,14.49,Alistair's Apple Watch S10
2026-09-23,18:57:09,14.49,Alistair's Apple Watch S10
2026-09-23,18:57:26,14.49,Alistair's Apple Watch S10
2026-09-23,18:57:43,14.49,Alistair's Apple Watch S10
2026-09-23,18:57:59,14.49,Alistair's Apple Watch S10
2026-09-23,18:58:15,14.49,Alistair's Apple Watch S10
2026-09-23,18:58:31,14.49,Alistair's Apple Watch S10
2026-09-23,18:58:49,14.59,Alistair's Apple Watch S10
2026-09-23,18:59:07,14.49,Alistair's Apple Watch S10
2026-09-23,18:59:25,14.59,Alistair's Apple Watch S10
2026-09-23,18:59:41,14.59,Alistair's Apple Watch S10
2026-09-23,19:00:00,14.59,Alistair's Apple Watch S10
2026-09-23,19:00:15,14.49,Alistair's Apple Watch S10
2026-09-23,19:00:32,14.59,Alistair's Apple Watch S10
2026-09-23,19:00:52,14.49,Alistair's Apple Watch S10
2026-09-23,19:01:08,14.59,Alistair's Apple Watch S10
2026-09-23,19:01:24,14.59,Alistair's Apple Watch S10
2026-09-23,19:01:39,14.59,Alistair's Apple Watch S10
2026-09-23,19:01:55,14.59,Alistair's Apple Watch S10
2026-09-23,19:02:10,14.59,Alistair's Apple Watch S10
2026-09-23,19:02:25,14.59,Alistair's Apple Watch S10
2026-09-23,19:02:41,14.59,Alistair's Apple Watch S10
2026-09-23,19:02:57,14.59,Alistair's Apple Watch S10
2026-09-23,19:03:24,14.69,Alistair's Apple Watch S10
2026-09-23,19:03:56,14.69,Alistair's Apple Watch S10
2026-09-23,19:04:18,14.69,Alistair's Apple Watch S10
2026-09-23,19:04:35,14.59,Alistair's Apple Watch S10
2026-09-23,19:04:51,14.59,Alistair's Apple Watch S10
2026-09-23,19:05:06,14.59,Alistair's Apple Watch S10
2026-09-23,19:05:25,14.59,Alistair's Apple Watch S10
2026-09-23,19:05:42,14.49,Alistair's Apple Watch S10
2026-09-23,19:06:01,14.49,Alistair's Apple Watch S10
2026-09-23,19:06:21,14.49,Alistair's Apple Watch S10
2026-09-23,19:06:36,14.49,Alistair's Apple Watch S10
2026-09-23,19:06:55,14.49,Alistair's Apple Watch S10
2026-09-23,19:07:13,14.59,Alistair's Apple Watch S10
2026-09-23,19:07:29,14.49,Alistair's Apple Watch S10
2026-09-23,19:07:51,14.59,Alistair's Apple Watch S10
2026-09-23,19:08:06,14.49,Alistair's Apple Watch S10
2026-09-23,19:08:22,14.49,Alistair's Apple Watch S10
2026-09-23,19:08:39,14.49,Alistair's Apple Watch S10
2026-09-23,19:08:55,14.49,Alistair's Apple Watch S10
2026-09-23,19:09:14,14.49,Alistair's Apple Watch S10
2026-09-23,19:09:30,14.49,Alistair's Apple Watch S10
2026-09-23,19:09:57,14.49,Alistair's Apple Watch S10
2026-09-23,19:10:19,14.49,Alistair's Apple Watch S10
2026-09-25,17:42:15,16.89,Alistair's Apple Watch S10
2026-09-25,17:42:31,16.69,Alistair's Apple Watch S10
2026-09-25,17:42:48,16.19,Alistair's Apple Watch S10
2026-09-25,17:43:03,16.19,Alistair's Apple Watch S10
2026-09-25,17:43:20,15.81,Alistair's Apple Watch S10
2026-09-25,17:43:29,15.19,Alistair's Apple Watch S10
2026-09-25,17:43:44,15.29,Alistair's Apple Watch S10
2026-09-25,17:43:57,15.79,Alistair's Apple Watch S10
2026-09-25,17:44:05,15.09,Alistair's Apple Watch S10
2026-09-25,17:44:20,14.79,Alistair's Apple Watch S10
2026-09-25,17:45:43,14.69,Alistair's Apple Watch S10
2026-09-25,17:49:01,14.09,Alistair's Apple Watch S10
2026-09-25,17:50:56,14.19,Alistair's Apple Watch S10
2026-09-25,17:53:32,14.09,Alistair's Apple Watch S10
2026-09-25,17:54:58,14.09,Alistair's Apple Watch S10
2026-09-25,17:55:23,13.89,Alistair's Apple Watch S10
2026-09-25,17:55:38,13.89,Alistair's Apple Watch S10
2026-09-25,17:55:54,13.99,Alistair's Apple Watch S10
2026-09-25,17:56:26,14.29,Alistair's Apple Watch S10
2026-09-25,17:57:33,14.09,Alistair's Apple Watch S10
2026-09-25,17:59:51,13.99,Alistair's Apple Watch S10
2026-09-25,18:00:13,14.39,Alistair's Apple Watch S10
2026-09-25,18:00:29,14.49,Alistair's Apple Watch S10
2026-09-25,18:00:47,14.39,Alistair's Apple Watch S10
2026-09-25,18:01:11,14.39,Alistair's Apple Watch S10
2026-09-25,18:01:28,14.19,Alistair's Apple Watch S10
2026-09-25,18:01:50,14.09,Alistair's Apple Watch S10
2026-09-25,18:07:58,13.89,Alistair's Apple Watch S10
2026-09-25,18:09:31,13.99,Alistair's Apple Watch S10
2026-09-25,18:10:19,13.89,Alistair's Apple Watch S10
2026-09-25,18:12:01,13.89,Alistair's Apple Watch S10
2026-09-25,18:12:36,13.99,Alistair's Apple Watch S10
2026-09-25,18:13:41,13.99,Alistair's Apple Watch S10
2026-09-25,18:13:59,14.19,Alistair's Apple Watch S10
2026-09-25,18:15:47,13.99,Alistair's Apple Watch S10
2026-09-25,18:16:11,13.99,Alistair's Apple Watch S10
2026-09-25,18:17:31,13.99,Alistair's Apple Watch S10
2026-09-25,18:17:57,13.99,Alistair's Apple Watch S10
2026-09-25,18:18:12,13.99,Alistair's Apple Watch S10
2026-09-25,18:19:26,13.99,Alistair's Apple Watch S10
2026-09-25,18:19:41,13.89,Alistair's Apple Watch S10
2026-09-25,18:20:01,13.89,Alistair's Apple Watch S10
2026-09-25,18:20:37,13.99,Alistair's Apple Watch S10
2026-09-25,18:20:56,13.89,Alistair's Apple Watch S10
2026-09-25,18:21:12,14.19,Alistair's Apple Watch S10
2026-09-25,18:21:30,14.09,Alistair's Apple Watch S10
2026-09-25,18:21:45,14.19,Alistair's Apple Watch S10
2026-09-25,18:22:00,14.09,Alistair's Apple Watch S10
2026-09-27,11:39:20,13.69,Alistair's Apple Watch S10
2026-09-27,11:40:10,14.19,Alistair's Apple Watch S10
2026-09-27,11:41:45,14.59,Alistair's Apple Watch S10
2026-09-27,11:43:26,14.19,Alistair's Apple Watch S10
2026-09-27,11:43:54,13.89,Alistair's Apple Watch S10
2026-09-27,11:46:15,13.99,Alistair's Apple Watch S10
2026-09-27,11:47:46,13.79,Alistair's Apple Watch S10
2026-09-27,11:49:25,13.89,Alistair's Apple Watch S10
2026-09-27,11:53:08,13.69,Alistair's Apple Watch S10
2026-09-27,11:53:52,13.59,Alistair's Apple Watch S10
2026-09-27,11:54:22,13.59,Alistair's Apple Watch S10
2026-09-27,11:54:37,13.59,Alistair's Apple Watch S10
2026-09-27,11:55:42,13.79,Alistair's Apple Watch S10
2026-09-27,11:56:00,13.69,Alistair's Apple Watch S10
2026-09-27,11:56:24,13.79,Alistair's Apple Watch S10
2026-09-27,11:56:52,13.89,Alistair's Apple Watch S10
2026-09-27,11:57:14,13.79,Alistair's Apple Watch S10
2026-09-27,11:57:43,14.01,Alistair's Apple Watch S10
2026-09-28,19:19:51,15.68,Alistair's Apple Watch S10
2026-09-28,19:19:51,12.78,Alistair's Apple Watch S10
2026-09-28,19:19:54,13.73,Alistair's Apple Watch S10
2026-09-28,19:20:00,14.51,Alistair's Apple Watch S10
2026-09-28,19:20:17,14.09,Alistair's Apple Watch S10
2026-09-28,19:20:36,13.99,Alistair's Apple Watch S10
2026-09-28,19:20:52,13.99,Alistair's Apple Watch S10
2026-09-28,19:21:07,13.99,Alistair's Apple Watch S10
2026-09-28,19:21:22,13.99,Alistair's Apple Watch S10
2026-09-28,19:21:37,13.99,Alistair's Apple Watch S10
2026-09-28,19:21:55,13.99,Alistair's Apple Watch S10
2026-09-28,19:22:13,13.99,Alistair's Apple Watch S10
2026-09-28,19:22:29,13.99,Alistair's Apple Watch S10
2026-09-28,19:22:46,13.99,Alistair's Apple Watch S10
2026-09-28,19:23:02,13.89,Alistair's Apple Watch S10
2026-09-28,19:23:19,13.89,Alistair's Apple Watch S10
2026-09-28,19:23:34,13.89,Alistair's Apple Watch S10
2026-09-28,19:23:49,13.89,Alistair's Apple Watch S10
2026-09-28,19:24:05,13.89,Alistair's Apple Watch S10
2026-09-28,19:24:20,13.89,Alistair's Apple Watch S10
2026-09-28,19:24:37,13.99,Alistair's Apple Watch S10
2026-09-28,19:24:53,14.09,Alistair's Apple Watch S10
2026-09-28,19:25:08,14.09,Alistair's Apple Watch S10
2026-09-28,19:25:25,14.19,Alistair's Apple Watch S10
2026-09-28,19:25:42,14.19,Alistair's Apple Watch S10
2026-09-28,19:25:57,13.99,Alistair's Apple Watch S10
2026-09-28,19:26:13,13.99,Alistair's Apple Watch S10
2026-09-28,19:26:29,13.99,Alistair's Apple Watch S10
2026-09-28,19:26:45,13.99,Alistair's Apple Watch S10
2026-09-28,19:27:01,13.99,Alistair's Apple Watch S10
2026-09-28,19:27:17,13.99,Alistair's Apple Watch S10
2026-09-28,19:29:53,15.91,Alistair's Apple Watch S10
2026-09-28,19:29:53,13.43,Alistair's Apple Watch S10
2026-09-28,19:29:56,14.11,Alistair's Apple Watch S10
2026-09-28,19:30:13,13.99,Alistair's Apple Watch S10
2026-09-28,19:30:30,13.99,Alistair's Apple Watch S10
2026-09-28,19:30:56,13.99,Alistair's Apple Watch S10